"label","href","president","president_no","years","title","date","doc_id"
"2017","https://www.presidency.ucsb.edu/ws/index.php?pid=123408","Donald J. Trump","45th","2017 <U+2010> 2021","Address Before a Joint Session of the Congress","February 28, 2017",1
"2018","https://www.presidency.ucsb.edu/documents/address-before-joint-session-the-congress-the-state-the-union-25","Donald J. Trump","45th","2017 <U+2010> 2021","Address Before a Joint Session of the Congress on the State of the Union","January 30, 2018",2
"2019","https://www.presidency.ucsb.edu/documents/address-before-joint-session-the-congress-the-state-the-union-26","Donald J. Trump","45th","2017 <U+2010> 2021","Address Before a Joint Session of the Congress on the State of the Union","February 05, 2019",3
"2020","https://www.presidency.ucsb.edu/documents/address-before-joint-session-the-congress-the-state-the-union-27","Donald J. Trump","45th","2017 <U+2010> 2021","Address Before a Joint Session of the Congress on the State of the Union","February 04, 2020",4
"2013","https://www.presidency.ucsb.edu/ws/index.php?pid=102826","Barack Obama","44th","2009 <U+2010> 2017","Address Before a Joint Session of Congress on the State of the Union","February 12, 2013",5
"2014","https://www.presidency.ucsb.edu/ws/index.php?pid=104596","Barack Obama","44th","2009 <U+2010> 2017","Address Before a Joint Session of the Congress on the State of the Union","January 28, 2014",6
"2015","https://www.presidency.ucsb.edu/ws/index.php?pid=108031","Barack Obama","44th","2009 <U+2010> 2017","Address Before a Joint Session of the Congress on the State of the Union","January 20, 2015",7
"2016","https://www.presidency.ucsb.edu/ws/index.php?pid=111174","Barack Obama","44th","2009 <U+2010> 2017","Address Before a Joint Session of the Congress on the State of the Union","January 12, 2016",8
"2009","https://www.presidency.ucsb.edu/ws/index.php?pid=85753","Barack Obama","44th","2009 <U+2010> 2017","Address Before a Joint Session of the Congress","February 24, 2009",9
"2010","https://www.presidency.ucsb.edu/ws/index.php?pid=87433","Barack Obama","44th","2009 <U+2010> 2017","Address Before a Joint Session of the Congress on the State of the Union","January 27, 2010",10
"2011","https://www.presidency.ucsb.edu/ws/index.php?pid=88928","Barack Obama","44th","2009 <U+2010> 2017","Address Before a Joint Session of the Congress on the State of the Union","January 25, 2011",11
"2012","https://www.presidency.ucsb.edu/ws/index.php?pid=99000","Barack Obama","44th","2009 <U+2010> 2017","Address Before a Joint Session of the Congress on the State of the Union","January 24, 2012",12
"2005","https://www.presidency.ucsb.edu/ws/index.php?pid=58746","George W. Bush","43rd","2001 <U+2010> 2009","Address Before a Joint Session of the Congress on the State of the Union","February 02, 2005",13
"2006","https://www.presidency.ucsb.edu/ws/index.php?pid=65090","George W. Bush","43rd","2001 <U+2010> 2009","Address Before a Joint Session of the Congress on the State of the Union","January 31, 2006",14
"2007","https://www.presidency.ucsb.edu/ws/index.php?pid=24446","George W. Bush","43rd","2001 <U+2010> 2009","Address Before a Joint Session of the Congress on the State of the Union","January 23, 2007",15
"2008","https://www.presidency.ucsb.edu/ws/index.php?pid=76301","George W. Bush","43rd","2001 <U+2010> 2009","Address Before a Joint Session of the Congress on the State of the Union","January 28, 2008",16
"2001","https://www.presidency.ucsb.edu/ws/index.php?pid=29643","George W. Bush","43rd","2001 <U+2010> 2009","Address Before a Joint Session of the Congress on Administration Goals","February 27, 2001",17
"2002","https://www.presidency.ucsb.edu/ws/index.php?pid=29644","George W. Bush","43rd","2001 <U+2010> 2009","Address Before a Joint Session of the Congress on the State of the Union","January 29, 2002",18
"2003","https://www.presidency.ucsb.edu/ws/index.php?pid=29645","George W. Bush","43rd","2001 <U+2010> 2009","Address Before a Joint Session of the Congress on the State of the Union","January 28, 2003",19
"2004","https://www.presidency.ucsb.edu/ws/index.php?pid=29646","George W. Bush","43rd","2001 <U+2010> 2009","Address Before a Joint Session of the Congress on the State of the Union","January 20, 2004",20
"1997","https://www.presidency.ucsb.edu/ws/index.php?pid=53358","William J. Clinton","42nd","1993 <U+2010> 2001","Address Before a Joint Session of the Congress on the State of the Union","February 04, 1997",21
"1998","https://www.presidency.ucsb.edu/ws/index.php?pid=56280","William J. Clinton","42nd","1993 <U+2010> 2001","Address Before a Joint Session of the Congress on the State of the Union","January 27, 1998",22
"1999","https://www.presidency.ucsb.edu/ws/index.php?pid=57577","William J. Clinton","42nd","1993 <U+2010> 2001","Address Before a Joint Session of the Congress on the State of the Union","January 19, 1999",23
"2000","https://www.presidency.ucsb.edu/ws/index.php?pid=58708","William J. Clinton","42nd","1993 <U+2010> 2001","Address Before a Joint Session of the Congress on the State of the Union","January 27, 2000",24
"1993","https://www.presidency.ucsb.edu/ws/index.php?pid=47232","William J. Clinton","42nd","1993 <U+2010> 2001","Address Before a Joint Session of Congress on Administration Goals","February 17, 1993",25
"1994","https://www.presidency.ucsb.edu/ws/index.php?pid=50409","William J. Clinton","42nd","1993 <U+2010> 2001","Address Before a Joint Session of the Congress on the State of the Union","January 25, 1994",26
"1995","https://www.presidency.ucsb.edu/ws/index.php?pid=51634","William J. Clinton","42nd","1993 <U+2010> 2001","Address Before a Joint Session of the Congress on the State of the Union","January 24, 1995",27
"1996","https://www.presidency.ucsb.edu/ws/index.php?pid=53091","William J. Clinton","42nd","1993 <U+2010> 2001","Address Before a Joint Session of the Congress on the State of the Union","January 23, 1996",28
"1989","https://www.presidency.ucsb.edu/ws/index.php?pid=16660","George Bush","41st","1989 <U+2010> 1993","Address on Administration Goals Before a Joint Session of Congress","February 09, 1989",29
"1990","https://www.presidency.ucsb.edu/ws/index.php?pid=18095","George Bush","41st","1989 <U+2010> 1993","Address Before a Joint Session of the Congress on the State of the Union","January 31, 1990",30
"1991","https://www.presidency.ucsb.edu/ws/index.php?pid=19253","George Bush","41st","1989 <U+2010> 1993","Address Before a Joint Session of the Congress on the State of the Union","January 29, 1991",31
"1992","https://www.presidency.ucsb.edu/ws/index.php?pid=20544","George Bush","41st","1989 <U+2010> 1993","Address Before a Joint Session of the Congress on the State of the Union","January 28, 1992",32
"1985","https://www.presidency.ucsb.edu/ws/index.php?pid=38069","Ronald Reagan","40th","1981 <U+2010> 1989","Address Before a Joint Session of the Congress on the State of the Union ","February 06, 1985",33
"1986","https://www.presidency.ucsb.edu/ws/index.php?pid=36646","Ronald Reagan","40th","1981 <U+2010> 1989","Address Before a Joint Session of Congress on the State of the Union ","February 04, 1986",34
"1987","https://www.presidency.ucsb.edu/ws/index.php?pid=34430","Ronald Reagan","40th","1981 <U+2010> 1989","Address Before a Joint Session of Congress on the State of the Union ","January 27, 1987",35
"1988","https://www.presidency.ucsb.edu/ws/index.php?pid=36035","Ronald Reagan","40th","1981 <U+2010> 1989","Address Before a Joint Session of Congress on the State of the Union ","January 25, 1988",36
"1981","https://www.presidency.ucsb.edu/ws/index.php?pid=43425","Ronald Reagan","40th","1981 <U+2010> 1989","Address Before a Joint Session of the Congress on the Program for Economic Recovery","February 18, 1981",37
"1982","https://www.presidency.ucsb.edu/ws/index.php?pid=42687","Ronald Reagan","40th","1981 <U+2010> 1989","Address Before a Joint Session of the Congress Reporting on the State of the Union ","January 26, 1982",38
"1983","https://www.presidency.ucsb.edu/ws/index.php?pid=41698","Ronald Reagan","40th","1981 <U+2010> 1989","Address Before a Joint Session of the Congress on the State of the Union ","January 25, 1983",39
"1984","https://www.presidency.ucsb.edu/ws/index.php?pid=40205","Ronald Reagan","40th","1981 <U+2010> 1989","Address Before a Joint Session of the Congress on the State of the Union ","January 25, 1984",40
"1978","https://www.presidency.ucsb.edu/ws/index.php?pid=30856","Jimmy Carter","39th","1977 <U+2010> 1981","The State of the Union Address Delivered Before a Joint Session of the Congress. ","January 19, 1978",41
"1979","https://www.presidency.ucsb.edu/ws/index.php?pid=32657","Jimmy Carter","39th","1977 <U+2010> 1981","The State of the Union Address Delivered Before a Joint Session of the Congress. ","January 23, 1979",42
"1980","https://www.presidency.ucsb.edu/ws/index.php?pid=33079","Jimmy Carter","39th","1977 <U+2010> 1981","The State of the Union Address Delivered Before a Joint Session of the Congress. ","January 23, 1980",43
"1978","https://www.presidency.ucsb.edu/ws/index.php?pid=30867","Jimmy Carter","39th","1977 <U+2010> 1981","The State of the Union Annual Message to the Congress","January 19, 1978",44
"1979","https://www.presidency.ucsb.edu/ws/index.php?pid=32735","Jimmy Carter","39th","1977 <U+2010> 1981","The State of the Union Annual Message to the Congress","January 25, 1979",45
"1980","https://www.presidency.ucsb.edu/ws/index.php?pid=33062","Jimmy Carter","39th","1977 <U+2010> 1981","The State of the Union Annual Message to the Congress","January 21, 1980",46
"1981","https://www.presidency.ucsb.edu/ws/index.php?pid=44541","Jimmy Carter","39th","1977 <U+2010> 1981","The State of the Union Annual Message to the Congress","January 16, 1981",47
"1975","https://www.presidency.ucsb.edu/ws/index.php?pid=4938","Gerald R. Ford","38th","1974 <U+2010> 1977","Address Before a Joint Session of the Congress Reporting on the State of the Union.","January 15, 1975",48
"1976","https://www.presidency.ucsb.edu/ws/index.php?pid=5677","Gerald R. Ford","38th","1974 <U+2010> 1977","Address Before a Joint Session of the Congress Reporting on the State of the Union.","January 19, 1976",49
"1977","https://www.presidency.ucsb.edu/ws/index.php?pid=5555","Gerald R. Ford","38th","1974 <U+2010> 1977","Address Before a Joint Session of the Congress Reporting on the State of the Union","January 12, 1977",50
"1974","https://www.presidency.ucsb.edu/ws/index.php?pid=4327","Richard Nixon","37th","1969 <U+2010> 1974","Address on the State of the Union Delivered Before a Joint Session of the Congress","January 30, 1974",51
"1974","https://www.presidency.ucsb.edu/ws/index.php?pid=4328","Richard Nixon","37th","1969 <U+2010> 1974","Annual Message to the Congress on the State of the Union","January 30, 1974",52
"1970","https://www.presidency.ucsb.edu/ws/index.php?pid=2921","Richard Nixon","37th","1969 <U+2010> 1974","Annual Message to the Congress on the State of the Union.","January 22, 1970",53
"1971","https://www.presidency.ucsb.edu/ws/index.php?pid=3110","Richard Nixon","37th","1969 <U+2010> 1974","Annual Message to the Congress on the State of the Union.","January 22, 1971",54
"1972","https://www.presidency.ucsb.edu/ws/index.php?pid=3396","Richard Nixon","37th","1969 <U+2010> 1974","Address on the State of the Union Delivered Before a Joint Session of the Congress.","January 20, 1972",55
"1972","https://www.presidency.ucsb.edu/ws/index.php?pid=3407","Richard Nixon","37th","1969 <U+2010> 1974","Annual Message to the Congress on the State of the Union.","January 20, 1972",56
"1965","https://www.presidency.ucsb.edu/ws/index.php?pid=26907","Lyndon B. Johnson","36th","1963 <U+2010> 1969","Annual Message to the Congress on the State of the Union","January 04, 1965",57
"1966","https://www.presidency.ucsb.edu/ws/index.php?pid=28015","Lyndon B. Johnson","36th","1963 <U+2010> 1969","Annual Message to the Congress on the State of the Union.","January 12, 1966",58
"1967","https://www.presidency.ucsb.edu/ws/index.php?pid=28338","Lyndon B. Johnson","36th","1963 <U+2010> 1969","Annual Message to the Congress on the State of the Union.","January 10, 1967",59
"1968","https://www.presidency.ucsb.edu/ws/index.php?pid=28738","Lyndon B. Johnson","36th","1963 <U+2010> 1969","Annual Message to the Congress on the State of the Union.","January 17, 1968",60
"1969","https://www.presidency.ucsb.edu/ws/index.php?pid=29333","Lyndon B. Johnson","36th","1963 <U+2010> 1969","Annual Message to the Congress on the State of the Union","January 14, 1969",61
"1964","https://www.presidency.ucsb.edu/ws/index.php?pid=26787","Lyndon B. Johnson","36th","1963 <U+2010> 1969","Annual Message to the Congress on the State of the Union.","January 08, 1964",62
"1961","https://www.presidency.ucsb.edu/ws/index.php?pid=8045","John F. Kennedy","35th","1961 <U+2010> 1963","Annual Message to the Congress on the State of the Union","January 30, 1961",63
"1962","https://www.presidency.ucsb.edu/ws/index.php?pid=9082","John F. Kennedy","35th","1961 <U+2010> 1963","Annual Message to the Congress on the State of the Union.","January 11, 1962",64
"1963","https://www.presidency.ucsb.edu/ws/index.php?pid=9138","John F. Kennedy","35th","1961 <U+2010> 1963","Annual Message to the Congress on the State of the Union.","January 14, 1963",65
"1957","https://www.presidency.ucsb.edu/ws/index.php?pid=11029","Dwight D. Eisenhower","34th","1953 <U+2010> 1961","Annual Message to the Congress on the State of the Union","January 10, 1957",66
"1958","https://www.presidency.ucsb.edu/ws/index.php?pid=11162","Dwight D. Eisenhower","34th","1953 <U+2010> 1961","Annual Message to the Congress on the State of the Union","January 09, 1958",67
"1959","https://www.presidency.ucsb.edu/ws/index.php?pid=11685","Dwight D. Eisenhower","34th","1953 <U+2010> 1961","Annual Message to the Congress on the State of the Union.","January 09, 1959",68
"1960","https://www.presidency.ucsb.edu/ws/index.php?pid=12061","Dwight D. Eisenhower","34th","1953 <U+2010> 1961","Annual Message to the Congress on the State of the Union.","January 07, 1960",69
"1961","https://www.presidency.ucsb.edu/ws/index.php?pid=12074","Dwight D. Eisenhower","34th","1953 <U+2010> 1961","Annual Message to the Congress on the State of the Union.","January 12, 1961",70
"1953","https://www.presidency.ucsb.edu/ws/index.php?pid=9829","Dwight D. Eisenhower","34th","1953 <U+2010> 1961","Annual Message to the Congress on the State of the Union","February 02, 1953",71
"1954","https://www.presidency.ucsb.edu/ws/index.php?pid=10096","Dwight D. Eisenhower","34th","1953 <U+2010> 1961","Annual Message to the Congress on the State of the Union","January 07, 1954",72
"1955","https://www.presidency.ucsb.edu/ws/index.php?pid=10416","Dwight D. Eisenhower","34th","1953 <U+2010> 1961","Annual Message to the Congress on the State of the Union","January 06, 1955",73
"1956бн","https://www.presidency.ucsb.edu/ws/index.php?pid=10704","Dwight D. Eisenhower","34th","1953 <U+2010> 1961","Remarks on the State of the Union Message, Key West, Florida.","January 05, 1956",74
"1956","https://www.presidency.ucsb.edu/ws/index.php?pid=10593","Dwight D. Eisenhower","34th","1953 <U+2010> 1961","Annual Message to the Congress on the State of the Union.","January 05, 1956",75
"бн","https://www.presidency.ucsb.edu/ws/index.php?pid=10704","Dwight D. Eisenhower","34th","1953 <U+2010> 1961","Remarks on the State of the Union Message, Key West, Florida.","January 05, 1956",76
"1949","https://www.presidency.ucsb.edu/ws/index.php?pid=13293","Harry S. Truman","33rd","1945 <U+2010> 1953","Annual Message to the Congress on the State of the Union","January 05, 1949",77
"1950","https://www.presidency.ucsb.edu/ws/index.php?pid=13567","Harry S. Truman","33rd","1945 <U+2010> 1953","Annual Message to the Congress on the State of the Union","January 04, 1950",78
"1951","https://www.presidency.ucsb.edu/ws/index.php?pid=14017","Harry S. Truman","33rd","1945 <U+2010> 1953","Annual Message to the Congress on the State of the Union","January 08, 1951",79
"1952","https://www.presidency.ucsb.edu/ws/index.php?pid=14418","Harry S. Truman","33rd","1945 <U+2010> 1953","Annual Message to the Congress on the State of the Union","January 09, 1952",80
"1953","https://www.presidency.ucsb.edu/ws/index.php?pid=14379","Harry S. Truman","33rd","1945 <U+2010> 1953","Annual Message to the Congress on the State of the Union.","January 07, 1953",81
"1947","https://www.presidency.ucsb.edu/ws/index.php?pid=12762","Harry S. Truman","33rd","1945 <U+2010> 1953","Annual Message to the Congress on the State of the Union","January 06, 1947",82
"1948","https://www.presidency.ucsb.edu/ws/index.php?pid=13005","Harry S. Truman","33rd","1945 <U+2010> 1953","Annual Message to the Congress on the State of the Union","January 07, 1948",83
"1946","https://www.presidency.ucsb.edu/ws/index.php?pid=12467","Harry S. Truman","33rd","1945 <U+2010> 1953","Message to the Congress on the State of the Union and on the Budget for 1947","January 21, 1946",84
"1945","https://www.presidency.ucsb.edu/ws/index.php?pid=16603","Franklin D. Roosevelt","32nd","1933 <U+2010> 1945","Radio Address Summarizing the State of the Union Message.","January 06, 1945",85
"бн","https://www.presidency.ucsb.edu/ws/index.php?pid=10704","Dwight D. Eisenhower","34th","1953 <U+2010> 1961","Remarks on the State of the Union Message, Key West, Florida.","January 05, 1956",86
"1945","https://www.presidency.ucsb.edu/ws/index.php?pid=16595","Franklin D. Roosevelt","32nd","1933 <U+2010> 1945","State of the Union Address.","January 06, 1945",87
"бн","https://www.presidency.ucsb.edu/ws/index.php?pid=10704","Dwight D. Eisenhower","34th","1953 <U+2010> 1961","Remarks on the State of the Union Message, Key West, Florida.","January 05, 1956",88
"1941","https://www.presidency.ucsb.edu/ws/index.php?pid=16092","Franklin D. Roosevelt","32nd","1933 <U+2010> 1945","Annual Message to Congress on the State of the Union","January 06, 1941",89
"1942","https://www.presidency.ucsb.edu/ws/index.php?pid=16253","Franklin D. Roosevelt","32nd","1933 <U+2010> 1945","State of the Union Address","January 06, 1942",90
"1943","https://www.presidency.ucsb.edu/ws/index.php?pid=16386","Franklin D. Roosevelt","32nd","1933 <U+2010> 1945","State of the Union Address","January 07, 1943",91
"1944","https://www.presidency.ucsb.edu/ws/index.php?pid=16518","Franklin D. Roosevelt","32nd","1933 <U+2010> 1945","State of the Union Message to Congress","January 11, 1944",92
"1937","https://www.presidency.ucsb.edu/ws/index.php?pid=15336","Franklin D. Roosevelt","32nd","1933 <U+2010> 1945","Annual Message to Congress","January 06, 1937",93
"1938","https://www.presidency.ucsb.edu/ws/index.php?pid=15517","Franklin D. Roosevelt","32nd","1933 <U+2010> 1945","Annual Message to Congress","January 03, 1938",94
"1939","https://www.presidency.ucsb.edu/ws/index.php?pid=15684","Franklin D. Roosevelt","32nd","1933 <U+2010> 1945","Annual Message to Congress","January 04, 1939",95
"1940","https://www.presidency.ucsb.edu/ws/index.php?pid=15856","Franklin D. Roosevelt","32nd","1933 <U+2010> 1945","Annual Message to the Congress","January 03, 1940",96
"1934","https://www.presidency.ucsb.edu/ws/index.php?pid=14683","Franklin D. Roosevelt","32nd","1933 <U+2010> 1945","Annual Message to Congress","January 03, 1934",97
"1935","https://www.presidency.ucsb.edu/ws/index.php?pid=14890","Franklin D. Roosevelt","32nd","1933 <U+2010> 1945","Annual Message to Congress","January 04, 1935",98
"1936","https://www.presidency.ucsb.edu/ws/index.php?pid=15095","Franklin D. Roosevelt","32nd","1933 <U+2010> 1945","Annual Message to Congress","January 03, 1936",99
"1929","https://www.presidency.ucsb.edu/ws/index.php?pid=22021","Herbert Hoover","31st","1929 <U+2010> 1933","Annual Message to Congress on the State of the Union","December 03, 1929",100
"1930","https://www.presidency.ucsb.edu/ws/index.php?pid=22458","Herbert Hoover","31st","1929 <U+2010> 1933","Annual Message to the Congress on the State of the Union.","December 02, 1930",101
"1931","https://www.presidency.ucsb.edu/ws/index.php?pid=22933","Herbert Hoover","31st","1929 <U+2010> 1933","Annual Message to the Congress on the State of the Union.","December 08, 1931",102
"1932","https://www.presidency.ucsb.edu/ws/index.php?pid=23376","Herbert Hoover","31st","1929 <U+2010> 1933","Annual Message to the Congress on the State of the Union.","December 06, 1932",103
"1925","https://www.presidency.ucsb.edu/ws/index.php?pid=29566","Calvin Coolidge","30th","1923 <U+2010> 1929","Third Annual Message","December 08, 1925",104
"1926","https://www.presidency.ucsb.edu/ws/index.php?pid=29567","Calvin Coolidge","30th","1923 <U+2010> 1929","Fourth Annual Message","December 07, 1926",105
"1927","https://www.presidency.ucsb.edu/ws/index.php?pid=29568","Calvin Coolidge","30th","1923 <U+2010> 1929","Fifth Annual Message","December 06, 1927",106
"1928","https://www.presidency.ucsb.edu/ws/index.php?pid=29569","Calvin Coolidge","30th","1923 <U+2010> 1929","Sixth Annual Message","December 04, 1928",107
"1923","https://www.presidency.ucsb.edu/ws/index.php?pid=29564","Calvin Coolidge","30th","1923 <U+2010> 1929","First Annual Message","December 06, 1923",108
"1924","https://www.presidency.ucsb.edu/ws/index.php?pid=29565","Calvin Coolidge","30th","1923 <U+2010> 1929","Second Annual Message","December 03, 1924",109
"1921","https://www.presidency.ucsb.edu/ws/index.php?pid=29562","Warren G. Harding","29th","1921 <U+2010> 1923","First Annual Message","December 06, 1921",110
"1922","https://www.presidency.ucsb.edu/ws/index.php?pid=29563","Warren G. Harding","29th","1921 <U+2010> 1923","Second Annual Message","December 08, 1922",111
"1917","https://www.presidency.ucsb.edu/ws/index.php?pid=29558","Woodrow Wilson","28th","1913 <U+2010> 1921","Fifth Annual Message","December 04, 1917",112
"1918","https://www.presidency.ucsb.edu/ws/index.php?pid=29559","Woodrow Wilson","28th","1913 <U+2010> 1921","Sixth Annual Message","December 02, 1918",113
"1919","https://www.presidency.ucsb.edu/ws/index.php?pid=29560","Woodrow Wilson","28th","1913 <U+2010> 1921","7th Annual Message","December 02, 1919",114
"1920","https://www.presidency.ucsb.edu/ws/index.php?pid=29561","Woodrow Wilson","28th","1913 <U+2010> 1921","8th Annual Message","December 07, 1920",115
"1913","https://www.presidency.ucsb.edu/ws/index.php?pid=29554","Woodrow Wilson","28th","1913 <U+2010> 1921","First Annual Message","December 02, 1913",116
"1914","https://www.presidency.ucsb.edu/ws/index.php?pid=29555","Woodrow Wilson","28th","1913 <U+2010> 1921","Second Annual Message","December 08, 1914",117
"1915","https://www.presidency.ucsb.edu/ws/index.php?pid=29556","Woodrow Wilson","28th","1913 <U+2010> 1921","Third Annual Message","December 07, 1915",118
"1916","https://www.presidency.ucsb.edu/ws/index.php?pid=29557","Woodrow Wilson","28th","1913 <U+2010> 1921","Fourth Annual Message","December 05, 1916",119
"1909","https://www.presidency.ucsb.edu/ws/index.php?pid=29550","William Howard Taft","27th","1909 <U+2010> 1913","First Annual Message","December 07, 1909",120
"1910","https://www.presidency.ucsb.edu/ws/index.php?pid=29551","William Howard Taft","27th","1909 <U+2010> 1913","Second Annual Message","December 06, 1910",121
"1911","https://www.presidency.ucsb.edu/ws/index.php?pid=29552","William Howard Taft","27th","1909 <U+2010> 1913","Third Annual Message","December 05, 1911",122
"1912","https://www.presidency.ucsb.edu/ws/index.php?pid=29553","William Howard Taft","27th","1909 <U+2010> 1913","Fourth Annual Message","December 03, 1912",123
"1905","https://www.presidency.ucsb.edu/ws/index.php?pid=29546","Theodore Roosevelt","26th","1901 <U+2010> 1909","Fifth Annual Message","December 05, 1905",124
"1906","https://www.presidency.ucsb.edu/ws/index.php?pid=29547","Theodore Roosevelt","26th","1901 <U+2010> 1909","Sixth Annual Message","December 03, 1906",125
"1907","https://www.presidency.ucsb.edu/ws/index.php?pid=29548","Theodore Roosevelt","26th","1901 <U+2010> 1909","Seventh Annual Message","December 03, 1907",126
"1908","https://www.presidency.ucsb.edu/ws/index.php?pid=29549","Theodore Roosevelt","26th","1901 <U+2010> 1909","Eighth Annual Message","December 08, 1908",127
"1901","https://www.presidency.ucsb.edu/ws/index.php?pid=29542","Theodore Roosevelt","26th","1901 <U+2010> 1909","First Annual Message","December 03, 1901",128
"1902","https://www.presidency.ucsb.edu/ws/index.php?pid=29543","Theodore Roosevelt","26th","1901 <U+2010> 1909","Second Annual Message","December 02, 1902",129
"1903","https://www.presidency.ucsb.edu/ws/index.php?pid=29544","Theodore Roosevelt","26th","1901 <U+2010> 1909","Third Annual Message","December 07, 1903",130
"1904","https://www.presidency.ucsb.edu/ws/index.php?pid=29545","Theodore Roosevelt","26th","1901 <U+2010> 1909","Fourth Annual Message","December 06, 1904",131
"1897","https://www.presidency.ucsb.edu/ws/index.php?pid=29538","William McKinley","25th","1897 <U+2010> 1901","First Annual Message","December 06, 1897",132
"1898","https://www.presidency.ucsb.edu/ws/index.php?pid=29539","William McKinley","25th","1897 <U+2010> 1901","Second Annual Message","December 05, 1898",133
"1899","https://www.presidency.ucsb.edu/ws/index.php?pid=29540","William McKinley","25th","1897 <U+2010> 1901","Third Annual Message","December 05, 1899",134
"1900","https://www.presidency.ucsb.edu/ws/index.php?pid=29541","William McKinley","25th","1897 <U+2010> 1901","Fourth Annual Message","December 03, 1900",135
"1893","https://www.presidency.ucsb.edu/ws/index.php?pid=29534","Grover Cleveland","24th","1893 <U+2010> 1897","First Annual Message (second term)","December 04, 1893",136
"1894","https://www.presidency.ucsb.edu/ws/index.php?pid=29535","Grover Cleveland","24th","1893 <U+2010> 1897","Second Annual Message (second term)","December 03, 1894",137
"1895","https://www.presidency.ucsb.edu/ws/index.php?pid=29536","Grover Cleveland","24th","1893 <U+2010> 1897","Third Annual Message (second term)","December 02, 1895",138
"1896","https://www.presidency.ucsb.edu/ws/index.php?pid=29537","Grover Cleveland","24th","1893 <U+2010> 1897","Fourth Annual Message (second term)","December 07, 1896",139
"1889","https://www.presidency.ucsb.edu/ws/index.php?pid=29530","Benjamin Harrison","23rd","1889 <U+2010> 1893","First Annual Message","December 03, 1889",140
"1890","https://www.presidency.ucsb.edu/ws/index.php?pid=29531","Benjamin Harrison","23rd","1889 <U+2010> 1893","Second Annual Message","December 01, 1890",141
"1891","https://www.presidency.ucsb.edu/ws/index.php?pid=29532","Benjamin Harrison","23rd","1889 <U+2010> 1893","Third Annual Message","December 09, 1891",142
"1892","https://www.presidency.ucsb.edu/ws/index.php?pid=29533","Benjamin Harrison","23rd","1889 <U+2010> 1893","Fourth Annual Message","December 06, 1892",143
"1885","https://www.presidency.ucsb.edu/ws/index.php?pid=29526","Grover Cleveland","22nd","1885 <U+2010> 1889","First Annual Message (first term)","December 08, 1885",144
"1886","https://www.presidency.ucsb.edu/ws/index.php?pid=29527","Grover Cleveland","22nd","1885 <U+2010> 1889","Second Annual Message (first term)","December 06, 1886",145
"1887","https://www.presidency.ucsb.edu/ws/index.php?pid=29528","Grover Cleveland","22nd","1885 <U+2010> 1889","Third Annual Message (first term)","December 06, 1887",146
"1888","https://www.presidency.ucsb.edu/ws/index.php?pid=29529","Grover Cleveland","22nd","1885 <U+2010> 1889","Fourth Annual Message (first term)","December 03, 1888",147
"1881","https://www.presidency.ucsb.edu/ws/index.php?pid=29522","Chester A. Arthur","21st","1881 <U+2010> 1885","First Annual Message","December 06, 1881",148
"1882","https://www.presidency.ucsb.edu/ws/index.php?pid=29523","Chester A. Arthur","21st","1881 <U+2010> 1885","Second Annual Message","December 04, 1882",149
"1883","https://www.presidency.ucsb.edu/ws/index.php?pid=29524","Chester A. Arthur","21st","1881 <U+2010> 1885","Third Annual Message","December 04, 1883",150
"1884","https://www.presidency.ucsb.edu/ws/index.php?pid=29525","Chester A. Arthur","21st","1881 <U+2010> 1885","Fourth Annual Message","December 01, 1884",151
"1877","https://www.presidency.ucsb.edu/ws/index.php?pid=29518","Rutherford B. Hayes","19th","1877 <U+2010> 1881","First Annual Message","December 03, 1877",152
"1878","https://www.presidency.ucsb.edu/ws/index.php?pid=29519","Rutherford B. Hayes","19th","1877 <U+2010> 1881","Second Annual Message","December 02, 1878",153
"1879","https://www.presidency.ucsb.edu/ws/index.php?pid=29520","Rutherford B. Hayes","19th","1877 <U+2010> 1881","Third Annual Message","December 01, 1879",154
"1880","https://www.presidency.ucsb.edu/ws/index.php?pid=29521","Rutherford B. Hayes","19th","1877 <U+2010> 1881","Fourth Annual Message","December 06, 1880",155
"1873","https://www.presidency.ucsb.edu/ws/index.php?pid=29514","Ulysses S. Grant","18th","1869 <U+2010> 1877","Fifth Annual Message","December 01, 1873",156
"1874","https://www.presidency.ucsb.edu/ws/index.php?pid=29515","Ulysses S. Grant","18th","1869 <U+2010> 1877","Sixth Annual Message","December 07, 1874",157
"1875","https://www.presidency.ucsb.edu/ws/index.php?pid=29516","Ulysses S. Grant","18th","1869 <U+2010> 1877","Seventh Annual Message","December 07, 1875",158
"1876","https://www.presidency.ucsb.edu/ws/index.php?pid=29517","Ulysses S. Grant","18th","1869 <U+2010> 1877","Eighth Annual Message","December 05, 1876",159
"1869","https://www.presidency.ucsb.edu/documents/first-annual-message-11","Ulysses S. Grant","18th","1869 <U+2010> 1877","First Annual Message","December 06, 1869",160
"1870","https://www.presidency.ucsb.edu/documents/second-annual-message-11","Ulysses S. Grant","18th","1869 <U+2010> 1877","Second Annual Message","December 05, 1870",161
"1871","https://www.presidency.ucsb.edu/documents/third-annual-message-11","Ulysses S. Grant","18th","1869 <U+2010> 1877","Third Annual Message","December 04, 1871",162
"1872","https://www.presidency.ucsb.edu/documents/fourth-annual-message-10","Ulysses S. Grant","18th","1869 <U+2010> 1877","Fourth Annual Message","December 02, 1872",163
"1865","https://www.presidency.ucsb.edu/ws/index.php?pid=29506","Andrew Johnson","17th","1865 <U+2010> 1869","First Annual Message","December 04, 1865",164
"1866","https://www.presidency.ucsb.edu/ws/index.php?pid=29507","Andrew Johnson","17th","1865 <U+2010> 1869","Second Annual Message","December 03, 1866",165
"1867","https://www.presidency.ucsb.edu/ws/index.php?pid=29508","Andrew Johnson","17th","1865 <U+2010> 1869","Third Annual Message","December 03, 1867",166
"1868","https://www.presidency.ucsb.edu/ws/index.php?pid=29509","Andrew Johnson","17th","1865 <U+2010> 1869","Fourth Annual Message","December 09, 1868",167
"1861","https://www.presidency.ucsb.edu/ws/index.php?pid=29502","Abraham Lincoln","16th","1861 <U+2010> 1865","First Annual Message","December 03, 1861",168
"1862","https://www.presidency.ucsb.edu/ws/index.php?pid=29503","Abraham Lincoln","16th","1861 <U+2010> 1865","Second Annual Message","December 01, 1862",169
"1863","https://www.presidency.ucsb.edu/ws/index.php?pid=29504","Abraham Lincoln","16th","1861 <U+2010> 1865","Third Annual Message","December 08, 1863",170
"1864","https://www.presidency.ucsb.edu/ws/index.php?pid=29505","Abraham Lincoln","16th","1861 <U+2010> 1865","Fourth Annual Message","December 06, 1864",171
"1857","https://www.presidency.ucsb.edu/ws/index.php?pid=29498","James Buchanan","15th","1857 <U+2010> 1861","First Annual Message to Congress on the State of the Union","December 08, 1857",172
"1858","https://www.presidency.ucsb.edu/ws/index.php?pid=29499","James Buchanan","15th","1857 <U+2010> 1861","Second Annual Message to Congress on the State of the Union","December 06, 1858",173
"1859","https://www.presidency.ucsb.edu/ws/index.php?pid=29500","James Buchanan","15th","1857 <U+2010> 1861","Third Annual Message to Congress on the State of the Union","December 19, 1859",174
"1860","https://www.presidency.ucsb.edu/ws/index.php?pid=29501","James Buchanan","15th","1857 <U+2010> 1861","Fourth Annual Message to Congress on the State of the Union","December 03, 1860",175
"1853","https://www.presidency.ucsb.edu/ws/index.php?pid=29494","Franklin Pierce","14th","1853 <U+2010> 1857","First Annual Message","December 05, 1853",176
"1854","https://www.presidency.ucsb.edu/ws/index.php?pid=29495","Franklin Pierce","14th","1853 <U+2010> 1857","Second Annual Message","December 04, 1854",177
"1855","https://www.presidency.ucsb.edu/ws/index.php?pid=29496","Franklin Pierce","14th","1853 <U+2010> 1857","Third Annual Message","December 31, 1855",178
"1856","https://www.presidency.ucsb.edu/ws/index.php?pid=29497","Franklin Pierce","14th","1853 <U+2010> 1857","Fourth Annual Message","December 02, 1856",179
"1850","https://www.presidency.ucsb.edu/ws/index.php?pid=29491","Millard Fillmore","13th","1850 <U+2010> 1853","First Annual Message","December 02, 1850",180
"1851","https://www.presidency.ucsb.edu/ws/index.php?pid=29492","Millard Fillmore","13th","1850 <U+2010> 1853","Second Annual Message","December 02, 1851",181
"1852","https://www.presidency.ucsb.edu/ws/index.php?pid=29493","Millard Fillmore","13th","1850 <U+2010> 1853","Third Annual Message","December 06, 1852",182
"1849","https://www.presidency.ucsb.edu/ws/index.php?pid=29490","Zachary Taylor","12th","1849 <U+2010> 1850","Annual Message","December 04, 1849",183
"1845","https://www.presidency.ucsb.edu/ws/index.php?pid=29486","James K. Polk","11th","1845 <U+2010> 1849","First Annual Message","December 02, 1845",184
"1846","https://www.presidency.ucsb.edu/ws/index.php?pid=29487","James K. Polk","11th","1845 <U+2010> 1849","Second Annual Message","December 08, 1846",185
"1847","https://www.presidency.ucsb.edu/ws/index.php?pid=29488","James K. Polk","11th","1845 <U+2010> 1849","Third Annual Message","December 07, 1847",186
"1848","https://www.presidency.ucsb.edu/ws/index.php?pid=29489","James K. Polk","11th","1845 <U+2010> 1849","Fourth Annual Message","December 05, 1848",187
"1841","https://www.presidency.ucsb.edu/ws/index.php?pid=29483","John Tyler","10th","1841 <U+2010> 1845","First Annual Message","December 07, 1841",188
"1842","https://www.presidency.ucsb.edu/ws/index.php?pid=29484","John Tyler","10th","1841 <U+2010> 1845","Second Annual Message","December 06, 1842",189
"1843","https://www.presidency.ucsb.edu/ws/index.php?pid=29647","John Tyler","10th","1841 <U+2010> 1845","Third Annual Message","December 05, 1843",190
"1844","https://www.presidency.ucsb.edu/ws/index.php?pid=29485","John Tyler","10th","1841 <U+2010> 1845","Fourth Annual Message","December 03, 1844",191
"1837","https://www.presidency.ucsb.edu/ws/index.php?pid=29479","Martin van Buren","8th","1837 <U+2010> 1841","First Annual Message","December 05, 1837",192
"1838","https://www.presidency.ucsb.edu/ws/index.php?pid=29480","Martin van Buren","8th","1837 <U+2010> 1841","Second Annual Message","December 03, 1838",193
"1839","https://www.presidency.ucsb.edu/ws/index.php?pid=29481","Martin van Buren","8th","1837 <U+2010> 1841","Third Annual Message","December 02, 1839",194
"1840","https://www.presidency.ucsb.edu/ws/index.php?pid=29482","Martin van Buren","8th","1837 <U+2010> 1841","Fourth Annual Message","December 05, 1840",195
"1833","https://www.presidency.ucsb.edu/ws/index.php?pid=29475","Andrew Jackson","7th","1829 <U+2010> 1837","Fifth Annual Message","December 03, 1833",196
"1834","https://www.presidency.ucsb.edu/ws/index.php?pid=29476","Andrew Jackson","7th","1829 <U+2010> 1837","Sixth Annual Message","December 01, 1834",197
"1835","https://www.presidency.ucsb.edu/ws/index.php?pid=29477","Andrew Jackson","7th","1829 <U+2010> 1837","Seventh Annual Message","December 08, 1835",198
"1836","https://www.presidency.ucsb.edu/ws/index.php?pid=29478","Andrew Jackson","7th","1829 <U+2010> 1837","Eighth Annual Message","December 06, 1836",199
"1829","https://www.presidency.ucsb.edu/ws/index.php?pid=29471","Andrew Jackson","7th","1829 <U+2010> 1837","First Annual Message","December 08, 1829",200
"1830","https://www.presidency.ucsb.edu/ws/index.php?pid=29472","Andrew Jackson","7th","1829 <U+2010> 1837","Second Annual Message","December 06, 1830",201
"1831","https://www.presidency.ucsb.edu/ws/index.php?pid=29473","Andrew Jackson","7th","1829 <U+2010> 1837","Third Annual Message","December 06, 1831",202
"1832","https://www.presidency.ucsb.edu/ws/index.php?pid=29474","Andrew Jackson","7th","1829 <U+2010> 1837","Fourth Annual Message","December 04, 1832",203
"1825","https://www.presidency.ucsb.edu/ws/index.php?pid=29467","John Quincy Adams","6th","1825 <U+2010> 1829","First Annual Message","December 06, 1825",204
"1826","https://www.presidency.ucsb.edu/ws/index.php?pid=29468","John Quincy Adams","6th","1825 <U+2010> 1829","Second Annual Message","December 05, 1826",205
"1827","https://www.presidency.ucsb.edu/ws/index.php?pid=29469","John Quincy Adams","6th","1825 <U+2010> 1829","Third Annual Message","December 04, 1827",206
"1828","https://www.presidency.ucsb.edu/ws/index.php?pid=29470","John Quincy Adams","6th","1825 <U+2010> 1829","Fourth Annual Message","December 02, 1828",207
"1821","https://www.presidency.ucsb.edu/ws/index.php?pid=29463","James Monroe","5th","1817 <U+2010> 1825","Fifth Annual Message","December 03, 1821",208
"1822","https://www.presidency.ucsb.edu/ws/index.php?pid=29464","James Monroe","5th","1817 <U+2010> 1825","Sixth Annual Message","December 03, 1822",209
"1823","https://www.presidency.ucsb.edu/ws/index.php?pid=29465","James Monroe","5th","1817 <U+2010> 1825","Seventh Annual Message","December 02, 1823",210
"1824","https://www.presidency.ucsb.edu/ws/index.php?pid=29466","James Monroe","5th","1817 <U+2010> 1825","Eighth Annual Message","December 07, 1824",211
"1817","https://www.presidency.ucsb.edu/ws/index.php?pid=29459","James Monroe","5th","1817 <U+2010> 1825","First Annual Message","December 02, 1817",212
"1818","https://www.presidency.ucsb.edu/ws/index.php?pid=29460","James Monroe","5th","1817 <U+2010> 1825","Second Annual Message","November 16, 1818",213
"1819","https://www.presidency.ucsb.edu/ws/index.php?pid=29461","James Monroe","5th","1817 <U+2010> 1825","Third Annual Message","December 07, 1819",214
"1820","https://www.presidency.ucsb.edu/ws/index.php?pid=29462","James Monroe","5th","1817 <U+2010> 1825","Fourth Annual Message","November 14, 1820",215
"1813","https://www.presidency.ucsb.edu/ws/index.php?pid=29455","James Madison","4th","1809 <U+2010> 1817","Fifth Annual Message","December 07, 1813",216
"1814","https://www.presidency.ucsb.edu/ws/index.php?pid=29456","James Madison","4th","1809 <U+2010> 1817","Sixth Annual Message","September 20, 1814",217
"1815","https://www.presidency.ucsb.edu/ws/index.php?pid=29457","James Madison","4th","1809 <U+2010> 1817","Seventh Annual Message","December 05, 1815",218
"1816","https://www.presidency.ucsb.edu/ws/index.php?pid=29458","James Madison","4th","1809 <U+2010> 1817","Eighth Annual Message","December 03, 1816",219
"1809","https://www.presidency.ucsb.edu/ws/index.php?pid=29451","James Madison","4th","1809 <U+2010> 1817","First Annual Message","November 29, 1809",220
"1810","https://www.presidency.ucsb.edu/ws/index.php?pid=29452","James Madison","4th","1809 <U+2010> 1817","Second Annual Message","December 05, 1810",221
"1811","https://www.presidency.ucsb.edu/ws/index.php?pid=29453","James Madison","4th","1809 <U+2010> 1817","Third Annual Message","November 05, 1811",222
"1812","https://www.presidency.ucsb.edu/ws/index.php?pid=29454","James Madison","4th","1809 <U+2010> 1817","Fourth Annual Message","November 04, 1812",223
"1805","https://www.presidency.ucsb.edu/ws/index.php?pid=29447","Thomas Jefferson","3rd","1801 <U+2010> 1809","Fifth Annual Message","December 03, 1805",224
"1806","https://www.presidency.ucsb.edu/ws/index.php?pid=29448","Thomas Jefferson","3rd","1801 <U+2010> 1809","Sixth Annual Message","December 02, 1806",225
"1807","https://www.presidency.ucsb.edu/ws/index.php?pid=29449","Thomas Jefferson","3rd","1801 <U+2010> 1809","Seventh Annual Message","October 27, 1807",226
"1808","https://www.presidency.ucsb.edu/ws/index.php?pid=29450","Thomas Jefferson","3rd","1801 <U+2010> 1809","Eighth Annual Message","November 08, 1808",227
"1801","https://www.presidency.ucsb.edu/ws/index.php?pid=29443","Thomas Jefferson","3rd","1801 <U+2010> 1809","First Annual Message","December 08, 1801",228
"1802","https://www.presidency.ucsb.edu/ws/index.php?pid=29444","Thomas Jefferson","3rd","1801 <U+2010> 1809","Second Annual Message","December 15, 1802",229
"1803","https://www.presidency.ucsb.edu/ws/index.php?pid=29445","Thomas Jefferson","3rd","1801 <U+2010> 1809","Third Annual Message","October 17, 1803",230
"1804","https://www.presidency.ucsb.edu/ws/index.php?pid=29446","Thomas Jefferson","3rd","1801 <U+2010> 1809","Fourth Annual Message","November 08, 1804",231
"1797","https://www.presidency.ucsb.edu/ws/index.php?pid=29439","John Adams","2nd","1797 <U+2010> 1801","First Annual Address to Congress","November 22, 1797",232
"1798","https://www.presidency.ucsb.edu/ws/index.php?pid=29440","John Adams","2nd","1797 <U+2010> 1801","Second Annual Address to Congress","December 08, 1798",233
"1799","https://www.presidency.ucsb.edu/ws/index.php?pid=29441","John Adams","2nd","1797 <U+2010> 1801","Third Annual Address to Congress","December 03, 1799",234
"1800","https://www.presidency.ucsb.edu/ws/index.php?pid=29442","John Adams","2nd","1797 <U+2010> 1801","Fourth Annual Address to Congress","November 22, 1800",235
"1793","https://www.presidency.ucsb.edu/ws/index.php?pid=29435","George Washington","1st","1789 <U+2010> 1797","Fifth Annual Address to Congress","December 03, 1793",236
"1794","https://www.presidency.ucsb.edu/ws/index.php?pid=29436","George Washington","1st","1789 <U+2010> 1797","Sixth Annual Address to Congress","November 19, 1794",237
"1795","https://www.presidency.ucsb.edu/ws/index.php?pid=29437","George Washington","1st","1789 <U+2010> 1797","Seventh Annual Address to Congress","December 08, 1795",238
"1796","https://www.presidency.ucsb.edu/ws/index.php?pid=29438","George Washington","1st","1789 <U+2010> 1797","Eighth Annual Address to Congress","December 07, 1796",239
"1790","https://www.presidency.ucsb.edu/ws/index.php?pid=29431","George Washington","1st","1789 <U+2010> 1797","First Annual Address to Congress","January 08, 1790",240
"1790","https://www.presidency.ucsb.edu/ws/index.php?pid=29432","George Washington","1st","1789 <U+2010> 1797","Second Annual Address to Congress","December 08, 1790",241
"1791","https://www.presidency.ucsb.edu/ws/index.php?pid=29433","George Washington","1st","1789 <U+2010> 1797","Third Annual Address to Congress","October 25, 1791",242
"1792","https://www.presidency.ucsb.edu/ws/index.php?pid=29434","George Washington","1st","1789 <U+2010> 1797","Fourth Annual Address to Congress","November 06, 1792",243
"бн","https://www.presidency.ucsb.edu/ws/index.php?pid=10704","Dwight D. Eisenhower","34th","1953 <U+2010> 1961","Remarks on the State of the Union Message, Key West, Florida.","January 05, 1956",244
"бн","https://www.presidency.ucsb.edu/ws/index.php?pid=10704","Dwight D. Eisenhower","34th","1953 <U+2010> 1961","Remarks on the State of the Union Message, Key West, Florida.","January 05, 1956",245
"State of the Union Message to the Congress: Overview and Goals","https://www.presidency.ucsb.edu/ws/index.php?pid=3996","Richard Nixon","37th","1969 <U+2010> 1974","State of the Union Message to the Congress: Overview and Goals","February 02, 1973",246
"State of the Union Message to the Congress on Natural Resources and the Environment","https://www.presidency.ucsb.edu/ws/index.php?pid=4102","Richard Nixon","37th","1969 <U+2010> 1974","State of the Union Message to the Congress on Natural Resources and the Environment","February 15, 1973",247
"State of the Union Message to the Congress on the Economy","https://www.presidency.ucsb.edu/ws/index.php?pid=4112","Richard Nixon","37th","1969 <U+2010> 1974","State of the Union Message to the Congress on the Economy","February 22, 1973",248
"State of the Union Message to the Congress on Human Resources","https://www.presidency.ucsb.edu/ws/index.php?pid=4121","Richard Nixon","37th","1969 <U+2010> 1974","State of the Union Message to the Congress on Human Resources","March 01, 1973",249
"State of the Union Message to the Congress on Community Development","https://www.presidency.ucsb.edu/ws/index.php?pid=4134","Richard Nixon","37th","1969 <U+2010> 1974","State of the Union Message to the Congress on Community Development","March 08, 1973",250
"State of the Union Message to the Congress on Law Enforcement and Drug Abuse Prevention","https://www.presidency.ucsb.edu/ws/index.php?pid=4140","Richard Nixon","37th","1969 <U+2010> 1974","State of the Union Message to the Congress on Law Enforcement and Drug Abuse Prevention","March 14, 1973",251
"Radio Address About the State of the Union Message on Natural Resources and the Environment","https://www.presidency.ucsb.edu/ws/index.php?pid=4101","Richard Nixon","37th","1969 <U+2010> 1974","Radio Address About the State of the Union Message on Natural Resources and the Environment.","February 14, 1973",252
"Radio Address About the State of the Union Message on the Economy","https://www.presidency.ucsb.edu/ws/index.php?pid=4111","Richard Nixon","37th","1969 <U+2010> 1974","Radio Address About the State of the Union Message on the Economy.","February 21, 1973",253
"Radio Address About the State of the Union Message on Human Resources","https://www.presidency.ucsb.edu/ws/index.php?pid=4117","Richard Nixon","37th","1969 <U+2010> 1974","Radio Address About the State of the Union Message on Human Resources.","February 24, 1973",254
"Radio Address About the State of the Union Message on Community Development","https://www.presidency.ucsb.edu/ws/index.php?pid=4128","Richard Nixon","37th","1969 <U+2010> 1974","Radio Address About the State of the Union Message on Community Development.","March 04, 1973",255
"Radio Address About the State of the Union Message on Law Enforcement and Drug Abuse Prevention","https://www.presidency.ucsb.edu/ws/index.php?pid=4135","Richard Nixon","37th","1969 <U+2010> 1974","Radio Address About the State of the Union Message on Law Enforcement and Drug Abuse Prevention","March 10, 1973",256
